Full name of License	License Identifier	Source/url
3dfx Glide License	Glide	http://www.users.on.net/~triforce/glidexp/COPYING.txt
Abstyles License	Abstyles	https://fedoraproject.org/wiki/Licensing/Abstyles
Academic Free License v1.1	AFL-1.1	http://opensource.linux-mirror.org/licenses/afl-1.1.txt
Academic Free License v1.2	AFL-1.2	http://opensource.linux-mirror.org/licenses/afl-1.2.txt
Academic Free License v2.0	AFL-2.0	http://opensource.linux-mirror.org/licenses/afl-2.0.txt
Academic Free License v2.1	AFL-2.1	http://opensource.linux-mirror.org/licenses/afl-2.1.txt
Academic Free License v3.0	AFL-3.0	"http://www.rosenlaw.com/AFL3.0.htm
http://www.opensource.org/licenses/afl-3.0"
Academy of Motion Picture Arts and Sciences BSD	AMPAS	https://fedoraproject.org/wiki/Licensing/BSD#AMPASBSD
Adaptive Public License 1.0	APL-1.0	http://www.opensource.org/licenses/APL-1.0
Adobe Glyph List License	Adobe-Glyph	https://fedoraproject.org/wiki/Licensing/MIT#AdobeGlyph
Adobe Postscript AFM License	APAFML	https://fedoraproject.org/wiki/Licensing/AdobePostscriptAFM
Adobe Systems Incorporated Source Code License Agreement	Adobe-2006	https://fedoraproject.org/wiki/Licensing/AdobeLicense
Affero General Public License v1.0	AGPL-1.0	http://www.affero.org/oagpl.html
Afmparse License	Afmparse	https://fedoraproject.org/wiki/Licensing/Afmparse
Aladdin Free Public License	Aladdin	http://pages.cs.wisc.edu/~ghost/doc/AFPL/6.01/Public.htm
Amazon Digital Services License	ADSL	https://fedoraproject.org/wiki/Licensing/AmazonDigitalServicesLicense
AMD's plpa_map.c License	AMDPLPA	https://fedoraproject.org/wiki/Licensing/AMD_plpa_map_License
ANTLR Software Rights Notice	ANTLR-PD	http://www.antlr2.org/license.html
Apache License 1.0	Apache-1.0	http://www.apache.org/licenses/LICENSE-1.0
Apache License 1.1	Apache-1.1	"http://apache.org/licenses/LICENSE-1.1
http://opensource.org/licenses/Apache-1.1"
Apache License 2.0	Apache-2.0	"http://www.apache.org/licenses/LICENSE-2.0
http://www.opensource.org/licenses/Apache-2.0"
Apple MIT License	AML	https://fedoraproject.org/wiki/Licensing/Apple_MIT_License
Apple Public Source License 1.0	APSL-1.0	https://fedoraproject.org/wiki/Licensing/Apple_Public_Source_License_1.0
Apple Public Source License 1.1	APSL-1.1	http://www.opensource.apple.com/source/IOSerialFamily/IOSerialFamily-7/APPLE_LICENSE
Apple Public Source License 1.2	APSL-1.2	http://www.samurajdata.se/opensource/mirror/licenses/apsl.php
Apple Public Source License 2.0	APSL-2.0	http://www.opensource.apple.com/license/apsl/
Artistic License 1.0	Artistic-1.0	http://opensource.org/licenses/Artistic-1.0
Artistic License 1.0 (Perl)	Artistic-1.0-Perl	http://dev.perl.org/licenses/artistic.html
Artistic License 1.0 w/clause 8	Artistic-1.0-cl8	http://opensource.org/licenses/Artistic-1.0
Artistic License 2.0	Artistic-2.0	"http://www.perlfoundation.org/artistic_license_2_0  
http://www.opensource.org/licenses/artistic-license-2.0"
Attribution Assurance License	AAL	http://www.opensource.org/licenses/attribution
Bahyph License	Bahyph	https://fedoraproject.org/wiki/Licensing/Bahyph
Barr License	Barr	https://fedoraproject.org/wiki/Licensing/Barr
Beerware License	Beerware	https://fedoraproject.org/wiki/Licensing/Beerware
BitTorrent Open Source License v1.0	BitTorrent-1.0	http://sources.gentoo.org/cgi-bin/viewvc.cgi/gentoo-x86/licenses/BitTorrent?r1=1.1&r2=1.1.1.1&diff_format=s
BitTorrent Open Source License v1.1	BitTorrent-1.1	http://directory.fsf.org/wiki/License:BitTorrentOSL1.1
Boost Software License 1.0	BSL-1.0	"http://www.boost.org/LICENSE_1_0.txt
http://www.opensource.org/licenses/BSL-1.0"
Borceux license	Borceux	https://fedoraproject.org/wiki/Licensing/Borceux
"BSD 2-clause ""Simplified"" License"	BSD-2-Clause	http://www.opensource.org/licenses/BSD-2-Clause
BSD 2-clause FreeBSD License	BSD-2-Clause-FreeBSD	http://www.freebsd.org/copyright/freebsd-license.html
BSD 2-clause NetBSD License	BSD-2-Clause-NetBSD	http://www.netbsd.org/about/redistribution.html#default
"BSD 3-clause ""New"" or ""Revised"" License"	BSD-3-Clause	http://www.opensource.org/licenses/BSD-3-Clause
BSD 3-clause Clear License	BSD-3-Clause-Clear	http://labs.metacarta.com/license-explanation.html#license
BSD 3-Clause No Nuclear License	BSD-3-Clause-No-Nuclear-License	http://download.oracle.com/otn-pub/java/licenses/bsd.txt?AuthParam=1467140197_43d516ce1776bd08a58235a7785be1cc
BSD 3-Clause No Nuclear License 2014	BSD-3-Clause-No-Nuclear-License-2014	https://java.net/projects/javaeetutorial/pages/BerkeleyLicense
BSD 3-Clause No Nuclear Warranty	BSD-3-Clause-No-Nuclear-Warranty	https://jogamp.org/git/?p=gluegen.git;a=blob_plain;f=LICENSE.txt
"BSD 4-clause ""Original"" or ""Old"" License"	BSD-4-Clause	http://directory.fsf.org/wiki/License:BSD_4Clause
BSD Protection License	BSD-Protection	https://fedoraproject.org/wiki/Licensing/BSD_Protection_License
BSD Source Code Attribution	BSD-Source-Code	https://github.com/robbiehanson/CocoaHTTPServer/blob/master/LICENSE.txt
BSD with attribution	BSD-3-Clause-Attribution	https://fedoraproject.org/wiki/Licensing/BSD_with_Attribution
BSD Zero Clause License	0BSD	http://landley.net/toybox/license.html 
BSD-4-Clause (University of California-Specific)	BSD-4-Clause-UC	http://www.freebsd.org/copyright/license.html
bzip2 and libbzip2 License v1.0.5	bzip2-1.0.5	http://bzip.org/1.0.5/bzip2-manual-1.0.5.html
bzip2 and libbzip2 License v1.0.6	bzip2-1.0.6	https://github.com/asimonov-im/bzip2/blob/master/LICENSE
Caldera License	Caldera	http://www.lemis.com/grog/UNIX/ancient-source-all.pdf
CeCILL Free Software License Agreement v1.0	CECILL-1.0	http://www.cecill.info/licences/Licence_CeCILL_V1-fr.html
CeCILL Free Software License Agreement v1.1	CECILL-1.1	http://www.cecill.info/licences/Licence_CeCILL_V1.1-US.html
CeCILL Free Software License Agreement v2.0	CECILL-2.0	http://www.cecill.info/licences/Licence_CeCILL_V2-fr.html
CeCILL Free Software License Agreement v2.1	CECILL-2.1	"http://www.cecill.info/licences/Licence_CeCILL_V2.1-fr.html
http://opensource.org/licenses/CECILL-2.1"
CeCILL-B Free Software License Agreement	CECILL-B	http://www.cecill.info/licences/Licence_CeCILL-B_V1-fr.html
CeCILL-C Free Software License Agreement	CECILL-C	http://www.cecill.info/licences/Licence_CeCILL-C_V1-fr.html
Clarified Artistic License	ClArtistic	http://www.ncftp.com/ncftp/doc/LICENSE.txt
CMU License	MIT-CMU	https://fedoraproject.org/wiki/Licensing:MIT?rd=Licensing/MIT#CMU_Style
CNRI Jython License	CNRI-Jython	http://www.jython.org/license.html
CNRI Python License	CNRI-Python	http://www.opensource.org/licenses/CNRI-Python
CNRI Python Open Source GPL Compatible License Agreement	CNRI-Python-GPL-Compatible	http://www.python.org/download/releases/1.6.1/download_win/
Code Project Open License 1.02	CPOL-1.02	http://www.codeproject.com/info/cpol10.aspx
Common Development and Distribution License 1.0	CDDL-1.0	http://www.opensource.org/licenses/cddl1
Common Development and Distribution License 1.1	CDDL-1.1	http://glassfish.java.net/public/CDDL+GPL_1_1.html
Common Public Attribution License 1.0	CPAL-1.0	http://www.opensource.org/licenses/CPAL-1.0
Common Public License 1.0	CPL-1.0	http://opensource.org/licenses/CPL-1.0
Computer Associates Trusted Open Source License 1.1	CATOSL-1.1	http://opensource.org/licenses/CATOSL-1.1
Condor Public License v1.1	Condor-1.1	http://research.cs.wisc.edu/condor/license.html#condor
Creative Commons Attribution 1.0	CC-BY-1.0	http://creativecommons.org/licenses/by/1.0/legalcode
Creative Commons Attribution 2.0	CC-BY-2.0	http://creativecommons.org/licenses/by/2.0/legalcode
Creative Commons Attribution 2.5	CC-BY-2.5	http://creativecommons.org/licenses/by/2.5/legalcode
Creative Commons Attribution 3.0	CC-BY-3.0	http://creativecommons.org/licenses/by/3.0/legalcode
Creative Commons Attribution 4.0	CC-BY-4.0	http://creativecommons.org/licenses/by/4.0/legalcode
Creative Commons Attribution No Derivatives 1.0	CC-BY-ND-1.0	http://creativecommons.org/licenses/by-nd/1.0/legalcode
Creative Commons Attribution No Derivatives 2.0	CC-BY-ND-2.0	http://creativecommons.org/licenses/by-nd/2.0/legalcode
Creative Commons Attribution No Derivatives 2.5	CC-BY-ND-2.5	http://creativecommons.org/licenses/by-nd/2.5/legalcode
Creative Commons Attribution No Derivatives 3.0	CC-BY-ND-3.0	http://creativecommons.org/licenses/by-nd/3.0/legalcode
Creative Commons Attribution No Derivatives 4.0	CC-BY-ND-4.0	http://creativecommons.org/licenses/by-nd/4.0/legalcode
Creative Commons Attribution Non Commercial 1.0	CC-BY-NC-1.0	http://creativecommons.org/licenses/by-nc/1.0/legalcode
Creative Commons Attribution Non Commercial 2.0	CC-BY-NC-2.0	http://creativecommons.org/licenses/by-nc/2.0/legalcode
Creative Commons Attribution Non Commercial 2.5	CC-BY-NC-2.5	http://creativecommons.org/licenses/by-nc/2.5/legalcode
Creative Commons Attribution Non Commercial 3.0	CC-BY-NC-3.0	http://creativecommons.org/licenses/by-nc/3.0/legalcode
Creative Commons Attribution Non Commercial 4.0	CC-BY-NC-4.0	http://creativecommons.org/licenses/by-nc/4.0/legalcode
Creative Commons Attribution Non Commercial No Derivatives 1.0	CC-BY-NC-ND-1.0	http://creativecommons.org/licenses/by-nd-nc/1.0/legalcode
Creative Commons Attribution Non Commercial No Derivatives 2.0	CC-BY-NC-ND-2.0	http://creativecommons.org/licenses/by-nc-nd/2.0/legalcode
Creative Commons Attribution Non Commercial No Derivatives 2.5	CC-BY-NC-ND-2.5	http://creativecommons.org/licenses/by-nc-nd/2.5/legalcode
Creative Commons Attribution Non Commercial No Derivatives 3.0	CC-BY-NC-ND-3.0	http://creativecommons.org/licenses/by-nc-nd/3.0/legalcode
Creative Commons Attribution Non Commercial No Derivatives 4.0	CC-BY-NC-ND-4.0	http://creativecommons.org/licenses/by-nc-nd/4.0/legalcode
Creative Commons Attribution Non Commercial Share Alike 1.0	CC-BY-NC-SA-1.0	http://creativecommons.org/licenses/by-nc-sa/1.0/legalcode
Creative Commons Attribution Non Commercial Share Alike 2.0	CC-BY-NC-SA-2.0	http://creativecommons.org/licenses/by-nc-sa/2.0/legalcode
Creative Commons Attribution Non Commercial Share Alike 2.5	CC-BY-NC-SA-2.5	http://creativecommons.org/licenses/by-nc-sa/2.5/legalcode
Creative Commons Attribution Non Commercial Share Alike 3.0	CC-BY-NC-SA-3.0	http://creativecommons.org/licenses/by-nc-sa/3.0/legalcode
Creative Commons Attribution Non Commercial Share Alike 4.0	CC-BY-NC-SA-4.0	http://creativecommons.org/licenses/by-nc-sa/4.0/legalcode
Creative Commons Attribution Share Alike 1.0	CC-BY-SA-1.0	http://creativecommons.org/licenses/by-sa/1.0/legalcode
Creative Commons Attribution Share Alike 2.0	CC-BY-SA-2.0	http://creativecommons.org/licenses/by-sa/2.0/legalcode
Creative Commons Attribution Share Alike 2.5	CC-BY-SA-2.5	http://creativecommons.org/licenses/by-sa/2.5/legalcode
Creative Commons Attribution Share Alike 3.0	CC-BY-SA-3.0	http://creativecommons.org/licenses/by-sa/3.0/legalcode
Creative Commons Attribution Share Alike 4.0	CC-BY-SA-4.0	http://creativecommons.org/licenses/by-sa/4.0/legalcode
Creative Commons Zero v1.0 Universal	CC0-1.0	http://creativecommons.org/publicdomain/zero/1.0/legalcode
Crossword License	Crossword	https://fedoraproject.org/wiki/Licensing/Crossword
CrystalStacker License	CrystalStacker	https://fedoraproject.org/wiki/Licensing:CrystalStacker?rd=Licensing/CrystalStacker
CUA Office Public License v1.0	CUA-OPL-1.0	http://opensource.org/licenses/CUA-OPL-1.0
Cube License	Cube	https://fedoraproject.org/wiki/Licensing/Cube
curl License	curl	https://github.com/bagder/curl/blob/master/COPYING
Deutsche Freie Software Lizenz	D-FSL-1.0	"http://www.dipp.nrw.de/d-fsl/lizenzen/
http://www.dipp.nrw.de/d-fsl/index_html/lizenzen/de/D-FSL-1_0_de.txt"
diffmark license	diffmark	https://fedoraproject.org/wiki/Licensing/diffmark
Do What The F*ck You Want To Public License	WTFPL	http://sam.zoy.org/wtfpl/COPYING
DOC License	DOC	http://www.cs.wustl.edu/~schmidt/ACE-copying.html
Dotseqn License	Dotseqn	https://fedoraproject.org/wiki/Licensing/Dotseqn
DSDP License	DSDP	https://fedoraproject.org/wiki/Licensing/DSDP
dvipdfm License	dvipdfm	https://fedoraproject.org/wiki/Licensing/dvipdfm
Eclipse Public License 1.0	EPL-1.0	"http://www.eclipse.org/legal/epl-v10.html
http://www.opensource.org/licenses/EPL-1.0"
Educational Community License v1.0	ECL-1.0	http://opensource.org/licenses/ECL-1.0
Educational Community License v2.0	ECL-2.0	http://opensource.org/licenses/ECL-2.0
eGenix.com Public License 1.1.0	eGenix	"http://www.egenix.com/products/eGenix.com-Public-License-1.1.0.pdf
https://fedoraproject.org/wiki/Licensing/eGenix.com_Public_License_1.1.0"
Eiffel Forum License v1.0	EFL-1.0	"http://www.eiffel-nice.org/license/forum.txt
http://opensource.org/licenses/EFL-1.0"
Eiffel Forum License v2.0	EFL-2.0	"http://www.eiffel-nice.org/license/eiffel-forum-license-2.html
http://opensource.org/licenses/EFL-2.0"
Enlightenment License (e16)	MIT-advertising	https://fedoraproject.org/wiki/Licensing/MIT_With_Advertising
enna License	MIT-enna	https://fedoraproject.org/wiki/Licensing/MIT#enna
Entessa Public License v1.0	Entessa	http://opensource.org/licenses/Entessa
Erlang Public License v1.1	ErlPL-1.1	http://www.erlang.org/EPLICENSE
EU DataGrid Software License	EUDatagrid	"http://eu-datagrid.web.cern.ch/eu-datagrid/license.html
http://www.opensource.org/licenses/EUDatagrid"
European Union Public License 1.0	EUPL-1.0	"http://ec.europa.eu/idabc/en/document/7330.html
http://ec.europa.eu/idabc/servlets/Doc027f.pdf?id=31096"
European Union Public License 1.1	EUPL-1.1	"https://joinup.ec.europa.eu/software/page/eupl/licence-eupl
https://joinup.ec.europa.eu/system/files/EN/EUPL%20v.1.1%20-%20Licence.pdf
http://www.opensource.org/licenses/EUPL-1.1"
Eurosym License	Eurosym	https://fedoraproject.org/wiki/Licensing/Eurosym
Fair License	Fair	http://www.opensource.org/licenses/Fair
feh License	MIT-feh	https://fedoraproject.org/wiki/Licensing/MIT#feh
Frameworx Open License 1.0	Frameworx-1.0	http://www.opensource.org/licenses/Frameworx-1.0
FreeImage Public License v1.0	FreeImage	http://freeimage.sourceforge.net/freeimage-license.txt
Freetype Project License	FTL	http://freetype.fis.uniroma2.it/FTL.TXT
FSF All Permissive License	FSFAP	http://www.gnu.org/prep/maintain/html_node/License-Notices-for-Other-Files.html
FSF Unlimited License	FSFUL	https://fedoraproject.org/wiki/Licensing/FSF_Unlimited_License
FSF Unlimited License (with License Retention)	FSFULLR	https://fedoraproject.org/wiki/Licensing/FSF_Unlimited_License#License_Retention_Variant
Giftware License	Giftware	http://alleg.sourceforge.net//license.html
GL2PS License	GL2PS	http://www.geuz.org/gl2ps/COPYING.GL2PS
Glulxe License	Glulxe	https://fedoraproject.org/wiki/Licensing/Glulxe
GNU Affero General Public License v3.0	AGPL-3.0	"http://www.gnu.org/licenses/agpl.txt
http://www.opensource.org/licenses/AGPL-3.0"
GNU Free Documentation License v1.1	GFDL-1.1	http://www.gnu.org/licenses/old-licenses/fdl-1.1.txt
GNU Free Documentation License v1.2	GFDL-1.2	http://www.gnu.org/licenses/old-licenses/fdl-1.2.txt
GNU Free Documentation License v1.3	GFDL-1.3	http://www.gnu.org/licenses/fdl-1.3.txt
GNU General Public License v1.0 only	GPL-1.0	http://www.gnu.org/licenses/old-licenses/gpl-1.0-standalone.html
GNU General Public License v2.0 only	GPL-2.0	"http://www.gnu.org/licenses/old-licenses/gpl-2.0-standalone.html
http://www.opensource.org/licenses/GPL-2.0"
GNU General Public License v3.0 only	GPL-3.0	"http://www.gnu.org/licenses/gpl-3.0-standalone.html
http://www.opensource.org/licenses/GPL-3.0"
GNU Lesser General Public License v2.1 only	LGPL-2.1	"http://www.gnu.org/licenses/old-licenses/lgpl-2.1-standalone.html
http://www.opensource.org/licenses/LGPL-2.1"
GNU Lesser General Public License v3.0 only	LGPL-3.0	"http://www.gnu.org/licenses/lgpl-3.0-standalone.html
http://www.opensource.org/licenses/LGPL-3.0"
GNU Library General Public License v2 only	LGPL-2.0	http://www.gnu.org/licenses/old-licenses/lgpl-2.0-standalone.html
gnuplot License	gnuplot	https://fedoraproject.org/wiki/Licensing/Gnuplot
gSOAP Public License v1.3b	gSOAP-1.3b	http://www.cs.fsu.edu/~engelen/license.html
Haskell Language Report License	HaskellReport	https://fedoraproject.org/wiki/Licensing/Haskell_Language_Report_License
Historic Permission Notice and Disclaimer	HPND	http://www.opensource.org/licenses/HPND
IBM PowerPC Initialization and Boot Software	IBM-pibs	http://git.denx.de/?p=u-boot.git;a=blob;f=arch/powerpc/cpu/ppc4xx/miiphy.c;h=297155fdafa064b955e53e9832de93bfb0cfb85b;hb=9fab4bf4cc077c21e43941866f3f2c196f28670d
IBM Public License v1.0	IPL-1.0	http://www.opensource.org/licenses/IPL-1.0
ICU License	ICU	http://source.icu-project.org/repos/icu/icu/trunk/license.html
ImageMagick License	ImageMagick	http://www.imagemagick.org/script/license.php
iMatix Standard Function Library Agreement	iMatix	http://legacy.imatix.com/html/sfl/sfl4.htm#license
Imlib2 License	Imlib2	http://trac.enlightenment.org/e/browser/trunk/imlib2/COPYING
Independent JPEG Group License	IJG	http://dev.w3.org/cvsweb/Amaya/libjpeg/Attic/README?rev=1.2
Info-ZIP License	Info-ZIP	http://www.info-zip.org/license.html
Intel ACPI Software License Agreement	Intel-ACPI	https://fedoraproject.org/wiki/Licensing/Intel_ACPI_Software_License_Agreement
Intel Open Source License	Intel	http://opensource.org/licenses/Intel
Interbase Public License v1.0	Interbase-1.0	https://web.archive.org/web/20060319014854/http://info.borland.com/devsupport/interbase/opensource/IPL.html
IPA Font License	IPA	http://www.opensource.org/licenses/IPA
ISC License	ISC	"http://www.isc.org/software/license
http://www.opensource.org/licenses/ISC"
JasPer License	JasPer-2.0	http://www.ece.uvic.ca/~mdadams/jasper/LICENSE
JSON License	JSON	http://www.json.org/license.html
LaTeX Project Public License v1.0	LPPL-1.0	http://www.latex-project.org/lppl/lppl-1-0.txt
LaTeX Project Public License v1.1	LPPL-1.1	http://www.latex-project.org/lppl/lppl-1-1.txt
LaTeX Project Public License v1.2	LPPL-1.2	http://www.latex-project.org/lppl/lppl-1-2.txt
LaTeX Project Public License v1.3a	LPPL-1.3a	http://www.latex-project.org/lppl/lppl-1-3a.txt
LaTeX Project Public License v1.3c	LPPL-1.3c	"http://www.latex-project.org/lppl/lppl-1-3c.txt
http://www.opensource.org/licenses/LPPL-1.3c"
Latex2e License	Latex2e	https://fedoraproject.org/wiki/Licensing/Latex2e
Lawrence Berkeley National Labs BSD variant license	BSD-3-Clause-LBNL	https://fedoraproject.org/wiki/Licensing/LBNLBSD
Leptonica License	Leptonica	https://fedoraproject.org/wiki/Licensing/Leptonica
Lesser General Public License For Linguistic Resources	LGPLLR	http://www-igm.univ-mlv.fr/~unitex/lgpllr.html
libpng License	Libpng	http://www.libpng.org/pub/png/src/libpng-LICENSE.txt
libtiff License	libtiff	https://fedoraproject.org/wiki/Licensing/libtiff
Licence Art Libre 1.2	LAL-1.2	http://artlibre.org/licence/lal/licence-art-libre-12/
Licence Art Libre 1.3	LAL-1.3	http://artlibre.org/
Licence Libre du Québec – Permissive version 1.1	LiLiQ-P-1.1	"http://opensource.org/licenses/LiLiQ-P-1.1
https://www.forge.gouv.qc.ca/participez/licence-logicielle/licence-libre-du-quebec-liliq-en-francais/licence-libre-du-quebec-liliq-en-francais-v1-0/licence-libre-du-quebec-reciprocite-liliq-r-v1-0/"
Licence Libre du Québec – Réciprocité forte version 1.1	LiLiQ-Rplus-1.1	"http://opensource.org/licenses/LiLiQ-Rplus-1.1
https://www.forge.gouv.qc.ca/participez/licence-logicielle/licence-libre-du-quebec-liliq-en-francais/licence-libre-du-quebec-reciprocite-forte-liliq-r-v1-1/"
Licence Libre du Québec – Réciprocité version 1.1	LiLiQ-R-1.1	"http://opensource.org/licenses/LiLiQ-R-1.1
https://www.forge.gouv.qc.ca/participez/licence-logicielle/licence-libre-du-quebec-liliq-en-francais/licence-libre-du-quebec-reciprocite-liliq-r-v1-1/"
Lucent Public License v1.02	LPL-1.02	"http://plan9.bell-labs.com/plan9/license.html
http://www.opensource.org/licenses/LPL-1.02"
Lucent Public License Version 1.0	LPL-1.0	http://opensource.org/licenses/LPL-1.0
MakeIndex License	MakeIndex	https://fedoraproject.org/wiki/Licensing/MakeIndex
Matrix Template Library License	MTLL	https://fedoraproject.org/wiki/Licensing/Matrix_Template_Library_License
Microsoft Public License	MS-PL	"http://www.microsoft.com/opensource/licenses.mspx
http://www.opensource.org/licenses/MS-PL"
Microsoft Reciprocal License	MS-RL	"http://www.microsoft.com/opensource/licenses.mspx
http://www.opensource.org/licenses/MS-RL"
MirOS Licence	MirOS	http://www.opensource.org/licenses/MirOS
MIT +no-false-attribs license	MITNFA	https://fedoraproject.org/wiki/Licensing/MITNFA
MIT License	MIT	http://www.opensource.org/licenses/MIT
Motosoto License	Motosoto	http://www.opensource.org/licenses/Motosoto
Mozilla Public License 1.0	MPL-1.0	"http://www.mozilla.org/MPL/MPL-1.0.html
http://opensource.org/licenses/MPL-1.0"
Mozilla Public License 1.1	MPL-1.1	"http://www.mozilla.org/MPL/MPL-1.1.html
http://www.opensource.org/licenses/MPL-1.1"
Mozilla Public License 2.0	MPL-2.0	"http://www.mozilla.org/MPL/2.0/
http://opensource.org/licenses/MPL-2.0"
Mozilla Public License 2.0 (no copyleft exception)	MPL-2.0-no-copyleft-exception	"http://www.mozilla.org/MPL/2.0/
http://opensource.org/licenses/MPL-2.0"
mpich2 License	mpich2	https://fedoraproject.org/wiki/Licensing/MIT
Multics License	Multics	http://www.opensource.org/licenses/Multics
Mup License	Mup	https://fedoraproject.org/wiki/Licensing/Mup
NASA Open Source Agreement 1.3	NASA-1.3	"http://ti.arc.nasa.gov/opensource/nosa/
http://www.opensource.org/licenses/NASA-1.3"
Naumen Public License	Naumen	http://www.opensource.org/licenses/Naumen
Net Boolean Public License v1	NBPL-1.0	http://www.openldap.org/devel/gitweb.cgi?p=openldap.git;a=blob;f=LICENSE;hb=37b4b3f6cc4bf34e1d3dec61e69914b9819d8894
Net-SNMP License	Net-SNMP	"http://net-snmp.sourceforge.net/about/license.html
"
NetCDF license	NetCDF	http://www.unidata.ucar.edu/software/netcdf/copyright.html
Nethack General Public License	NGPL	http://www.opensource.org/licenses/NGPL
Netizen Open Source License	NOSL	http://bits.netizen.com.au/licenses/NOSL/nosl.txt
Netscape Public License v1.0	NPL-1.0	http://www.mozilla.org/MPL/NPL/1.0/
Netscape Public License v1.1	NPL-1.1	http://www.mozilla.org/MPL/NPL/1.1/
Newsletr License	Newsletr	https://fedoraproject.org/wiki/Licensing/Newsletr
No Limit Public License	NLPL	https://fedoraproject.org/wiki/Licensing/NLPL
Nokia Open Source License	Nokia	http://www.opensource.org/licenses/nokia
Non-Profit Open Software License 3.0	NPOSL-3.0	http://www.opensource.org/licenses/NOSL3.0
Norwegian Licence for Open Government Data	NLOD-1.0	http://data.norge.no/nlod/en/1.0
Noweb License	Noweb	https://fedoraproject.org/wiki/Licensing/Noweb
NRL License	NRL	http://web.mit.edu/network/isakmp/nrllicense.html
NTP License	NTP	http://www.opensource.org/licenses/NTP
Nunit License	Nunit	https://fedoraproject.org/wiki/Licensing/Nunit
OCLC Research Public License 2.0	OCLC-2.0	"http://www.oclc.org/research/activities/software/license/v2final.htm
http://www.opensource.org/licenses/OCLC-2.0"
ODC Open Database License v1.0	ODbL-1.0	http://www.opendatacommons.org/licenses/odbl/1.0/
ODC Public Domain Dedication & License 1.0	PDDL-1.0	http://opendatacommons.org/licenses/pddl/1.0/
Open CASCADE Technology Public License	OCCT-PL	http://www.opencascade.com/content/occt-public-license
Open Group Test Suite License	OGTSL	"http://www.opengroup.org/testing/downloads/The_Open_Group_TSL.txt
http://www.opensource.org/licenses/OGTSL"
Open LDAP Public License  2.2.2	OLDAP-2.2.2	http://www.openldap.org/devel/gitweb.cgi?p=openldap.git;a=blob;f=LICENSE;hb=df2cc1e21eb7c160695f5b7cffd6296c151ba188
Open LDAP Public License v1.1	OLDAP-1.1	http://www.openldap.org/devel/gitweb.cgi?p=openldap.git;a=blob;f=LICENSE;hb=806557a5ad59804ef3a44d5abfbe91d706b0791f
Open LDAP Public License v1.2	OLDAP-1.2	http://www.openldap.org/devel/gitweb.cgi?p=openldap.git;a=blob;f=LICENSE;hb=42b0383c50c299977b5893ee695cf4e486fb0dc7
Open LDAP Public License v1.3	OLDAP-1.3	http://www.openldap.org/devel/gitweb.cgi?p=openldap.git;a=blob;f=LICENSE;hb=e5f8117f0ce088d0bd7a8e18ddf37eaa40eb09b1
Open LDAP Public License v1.4	OLDAP-1.4	http://www.openldap.org/devel/gitweb.cgi?p=openldap.git;a=blob;f=LICENSE;hb=c9f95c2f3f2ffb5e0ae55fe7388af75547660941
Open LDAP Public License v2.0 (or possibly 2.0A and 2.0B)	OLDAP-2.0	http://www.openldap.org/devel/gitweb.cgi?p=openldap.git;a=blob;f=LICENSE;hb=cbf50f4e1185a21abd4c0a54d3f4341fe28f36ea
Open LDAP Public License v2.0.1	OLDAP-2.0.1	http://www.openldap.org/devel/gitweb.cgi?p=openldap.git;a=blob;f=LICENSE;hb=b6d68acd14e51ca3aab4428bf26522aa74873f0e
Open LDAP Public License v2.1	OLDAP-2.1	http://www.openldap.org/devel/gitweb.cgi?p=openldap.git;a=blob;f=LICENSE;hb=b0d176738e96a0d3b9f85cb51e140a86f21be715
Open LDAP Public License v2.2	OLDAP-2.2	http://www.openldap.org/devel/gitweb.cgi?p=openldap.git;a=blob;f=LICENSE;hb=470b0c18ec67621c85881b2733057fecf4a1acc3
Open LDAP Public License v2.2.1	OLDAP-2.2.1	http://www.openldap.org/devel/gitweb.cgi?p=openldap.git;a=blob;f=LICENSE;hb=4bc786f34b50aa301be6f5600f58a980070f481e
Open LDAP Public License v2.3	OLDAP-2.3	http://www.openldap.org/devel/gitweb.cgi?p=openldap.git;a=blob;f=LICENSE;hb=d32cf54a32d581ab475d23c810b0a7fbaf8d63c3
Open LDAP Public License v2.4	OLDAP-2.4	http://www.openldap.org/devel/gitweb.cgi?p=openldap.git;a=blob;f=LICENSE;hb=cd1284c4a91a8a380d904eee68d1583f989ed386
Open LDAP Public License v2.5	OLDAP-2.5	http://www.openldap.org/devel/gitweb.cgi?p=openldap.git;a=blob;f=LICENSE;hb=6852b9d90022e8593c98205413380536b1b5a7cf
Open LDAP Public License v2.6	OLDAP-2.6	http://www.openldap.org/devel/gitweb.cgi?p=openldap.git;a=blob;f=LICENSE;hb=1cae062821881f41b73012ba816434897abf4205
Open LDAP Public License v2.7	OLDAP-2.7	http://www.openldap.org/devel/gitweb.cgi?p=openldap.git;a=blob;f=LICENSE;hb=47c2415c1df81556eeb39be6cad458ef87c534a2
Open LDAP Public License v2.8	OLDAP-2.8	http://www.openldap.org/software/release/license.html
Open Market License	OML	https://fedoraproject.org/wiki/Licensing/Open_Market_License
Open Public License v1.0	OPL-1.0	"http://old.koalateam.com/jackaroo/OPL_1_0.TXT
https://fedoraproject.org/wiki/Licensing/Open_Public_License"
Open Software License 1.0	OSL-1.0	http://opensource.org/licenses/OSL-1.0
Open Software License 1.1	OSL-1.1	https://fedoraproject.org/wiki/Licensing/OSL1.1
Open Software License 2.0	OSL-2.0	http://web.archive.org/web/20041020171434/http://www.rosenlaw.com/osl2.0.html
Open Software License 2.1	OSL-2.1	"http://opensource.org/licenses/OSL-2.1
http://web.archive.org/web/20050212003940/http://www.rosenlaw.com/osl21.htm"
Open Software License 3.0	OSL-3.0	"http://www.rosenlaw.com/OSL3.0.htm
http://www.opensource.org/licenses/OSL-3.0"
OpenSSL License	OpenSSL	http://www.openssl.org/source/license.html
OSET Public License version 2.1	OSET-PL-2.1	"http://opensource.org/licenses/OPL-2.1
http://www.osetfoundation.org/public-license/#"
PHP License v3.0	PHP-3.0	"http://www.opensource.org/licenses/PHP-3.0
http://www.php.net/license/3_0.txt"
PHP License v3.01	PHP-3.01	http://www.php.net/license/3_01.txt
Plexus Classworlds License	Plexus	https://fedoraproject.org/wiki/Licensing/Plexus_Classworlds_License
PostgreSQL License	PostgreSQL	"http://www.postgresql.org/about/licence
http://www.opensource.org/licenses/PostgreSQL"
psfrag License	psfrag	https://fedoraproject.org/wiki/Licensing/psfrag
psutils License	psutils	https://fedoraproject.org/wiki/Licensing/psutils
Python License 2.0	Python-2.0	http://www.opensource.org/licenses/Python-2.0
Q Public License 1.0	QPL-1.0	"http://doc.qt.nokia.com/3.3/license.html
http://www.opensource.org/licenses/QPL-1.0"
Qhull License	Qhull	https://fedoraproject.org/wiki/Licensing/Qhull
Rdisc License	Rdisc	https://fedoraproject.org/wiki/Licensing/Rdisc_License
RealNetworks Public Source License v1.0	RPSL-1.0	"https://helixcommunity.org/content/rpsl
http://www.opensource.org/licenses/RPSL-1.0"
Reciprocal Public License 1.1	RPL-1.1	http://opensource.org/licenses/RPL-1.1
Reciprocal Public License 1.5	RPL-1.5	http://www.opensource.org/licenses/RPL-1.5
Red Hat eCos Public License v1.1	RHeCos-1.1	http://ecos.sourceware.org/old-license.html
Ricoh Source Code Public License	RSCPL	http://www.opensource.org/licenses/RSCPL
RSA Message-Digest License 	RSA-MD	http://www.faqs.org/rfcs/rfc1321.html
Ruby License	Ruby	http://www.ruby-lang.org/en/LICENSE.txt
Sax Public Domain Notice	SAX-PD	http://www.saxproject.org/copying.html
Saxpath License	Saxpath	https://fedoraproject.org/wiki/Licensing/Saxpath_License
SCEA Shared Source License	SCEA	http://research.scea.com/scea_shared_source_license.html
Scheme Widget Library (SWL) Software License Agreement	SWL	https://fedoraproject.org/wiki/Licensing/SWL
Secure Messaging Protocol Public License	SMPPL	https://github.com/dcblake/SMP/blob/master/Documentation/License.txt
Sendmail License	Sendmail	http://www.sendmail.com/pdfs/open_source/sendmail_license.pdf
SGI Free Software License B v1.0	SGI-B-1.0	http://oss.sgi.com/projects/FreeB/SGIFreeSWLicB.1.0.html
SGI Free Software License B v1.1	SGI-B-1.1	http://oss.sgi.com/projects/FreeB/
SGI Free Software License B v2.0	SGI-B-2.0	http://oss.sgi.com/projects/FreeB/SGIFreeSWLicB.2.0.pdf
SIL Open Font License 1.0	OFL-1.0	http://scripts.sil.org/cms/scripts/page.php?item_id=OFL10_web
SIL Open Font License 1.1	OFL-1.1	"http://scripts.sil.org/cms/scripts/page.php?item_id=OFL_web
http://www.opensource.org/licenses/OFL-1.1"
Simple Public License 2.0	SimPL-2.0	http://www.opensource.org/licenses/SimPL-2.0
Sleepycat License	Sleepycat	http://www.opensource.org/licenses/Sleepycat
SNIA Public License 1.1	SNIA	https://fedoraproject.org/wiki/Licensing/SNIA_Public_License
Spencer License 86	Spencer-86	https://fedoraproject.org/wiki/Licensing/Henry_Spencer_Reg-Ex_Library_License
Spencer License 94	Spencer-94	https://fedoraproject.org/wiki/Licensing/Henry_Spencer_Reg-Ex_Library_License
Spencer License 99	Spencer-99	http://www.opensource.apple.com/source/tcl/tcl-5/tcl/generic/regfronts.c
Standard ML of New Jersey License	SMLNJ	http://www.smlnj.org//license.html
SugarCRM Public License v1.1.3	SugarCRM-1.1.3	http://www.sugarcrm.com/crm/SPL
Sun Industry Standards Source License v1.1	SISSL	"http://www.openoffice.org/licenses/sissl_license.html
http://opensource.org/licenses/SISSL"
Sun Industry Standards Source License v1.2	SISSL-1.2	http://gridscheduler.sourceforge.net/Gridengine_SISSL_license.html
Sun Public License v1.0	SPL-1.0	http://www.opensource.org/licenses/SPL-1.0
Sybase Open Watcom Public License 1.0	Watcom-1.0	http://www.opensource.org/licenses/Watcom-1.0
TCL/TK License	TCL	"http://www.tcl.tk/software/tcltk/license.html
https://fedoraproject.org/wiki/Licensing/TCL"
TCP Wrappers License	TCP-wrappers	http://rc.quest.com/topics/openssh/license.php#tcpwrappers
The Unlicense	Unlicense	http://unlicense.org/
TMate Open Source License	TMate	http://svnkit.com/license.html
TORQUE v2.5+ Software License v1.1	TORQUE-1.1	https://fedoraproject.org/wiki/Licensing/TORQUEv1.1
Trusster Open Source License	TOSL	https://fedoraproject.org/wiki/Licensing/TOSL
Unicode License Agreement - Data Files and Software (2015)	Unicode-DFS-2015	https://web.archive.org/web/20151224134844/http://unicode.org/copyright.html
Unicode License Agreement - Data Files and Software (2016)	Unicode-DFS-2016	http://www.unicode.org/copyright.html
Unicode Terms of Use	Unicode-TOU	http://www.unicode.org/copyright.html
Universal Permissive License v1.0	UPL-1.0	http://opensource.org/licenses/UPL
University of Illinois/NCSA Open Source License	NCSA	"http://otm.illinois.edu/uiuc_openSource
http://www.opensource.org/licenses/NCSA"
Vim License	Vim	http://vimdoc.sourceforge.net/htmldoc/uganda.html
VOSTROM Public License for Open Source	VOSTROM	https://fedoraproject.org/wiki/Licensing/VOSTROM
Vovida Software License v1.0	VSL-1.0	http://www.opensource.org/licenses/VSL-1.0
W3C Software Notice and Document License (2015-05-13)	W3C-20150513	https://www.w3.org/Consortium/Legal/2015/copyright-software-and-document
W3C Software Notice and License (1998-07-20)	W3C-19980720	http://www.w3.org/Consortium/Legal/copyright-software-19980720.html
W3C Software Notice and License (2002-12-31)	W3C	"http://www.w3.org/Consortium/Legal/2002/copyright-software-20021231.html
http://www.opensource.org/licenses/W3C"
Wsuipa License	Wsuipa	https://fedoraproject.org/wiki/Licensing/Wsuipa
X.Net License	Xnet	http://opensource.org/licenses/Xnet
X11 License	X11	http://www.xfree86.org/3.3.6/COPYRIGHT2.html#3
Xerox License	Xerox	https://fedoraproject.org/wiki/Licensing/Xerox
XFree86 License 1.1	XFree86-1.1	http://www.xfree86.org/current/LICENSE4.html
xinetd License	xinetd	https://fedoraproject.org/wiki/Licensing/Xinetd_License
XPP License	xpp	https://fedoraproject.org/wiki/Licensing/xpp
XSkat License	XSkat	https://fedoraproject.org/wiki/Licensing/XSkat_License
Yahoo! Public License v1.0	YPL-1.0	http://www.zimbra.com/license/yahoo_public_license_1.0.html
Yahoo! Public License v1.1	YPL-1.1	http://www.zimbra.com/license/yahoo_public_license_1.1.html
Zed License	Zed	https://fedoraproject.org/wiki/Licensing/Zed
Zend License v2.0	Zend-2.0	https://web.archive.org/web/20130517195954/http://www.zend.com/license/2_00.txt
Zimbra Public License v1.3	Zimbra-1.3	
Zimbra Public License v1.4	Zimbra-1.4	http://www.zimbra.com/legal/zimbra-public-license-1-4
zlib License	Zlib	"http://www.zlib.net/zlib_license.html
http://www.opensource.org/licenses/Zlib"
zlib/libpng License with Acknowledgement	zlib-acknowledgement	https://fedoraproject.org/wiki/Licensing/ZlibWithAcknowledgement
Zope Public License 1.1	ZPL-1.1	http://old.zope.org/Resources/License/ZPL-1.1
Zope Public License 2.0	ZPL-2.0	"http://old.zope.org/Resources/License/ZPL-2.0
http://opensource.org/licenses/ZPL-2.0"
Zope Public License 2.1	ZPL-2.1	http://old.zope.org/Resources/ZPL/
